/*
Navicat MySQL Data Transfer

Source Server         : 111.230.157.133_3306
Source Server Version : 50721
Source Host           : 111.230.157.133:3306
Source Database       : mysql

Target Server Type    : MYSQL
Target Server Version : 50721
File Encoding         : 65001

Date: 2019-01-28 10:30:38
*/

SET FOREIGN_KEY_CHECKS=0;
-- ----------------------------
-- Table structure for t_dept
-- ----------------------------
DROP TABLE IF EXISTS `t_dept`;
CREATE TABLE `t_dept` (
  `DEPT_ID` bigint(20) NOT NULL AUTO_INCREMENT COMMENT '部门ID',
  `PARENT_ID` bigint(20) NOT NULL COMMENT '上级部门ID',
  `DEPT_NAME` varchar(100) NOT NULL COMMENT '部门名称',
  `ORDER_NUM` double(20,0) DEFAULT NULL COMMENT '排序',
  `CREATE_TIME` datetime DEFAULT NULL COMMENT '创建时间',
  `MODIFY_TIME` datetime DEFAULT NULL COMMENT '修改时间',
  PRIMARY KEY (`DEPT_ID`) USING BTREE
) ENGINE=InnoDB AUTO_INCREMENT=7 DEFAULT CHARSET=utf8 ROW_FORMAT=DYNAMIC;

-- ----------------------------
-- Records of t_dept
-- ----------------------------
INSERT INTO `t_dept` VALUES ('1', '0', '开发部', '1', '2018-01-04 15:42:26', '2019-01-05 21:08:27');
INSERT INTO `t_dept` VALUES ('2', '1', '开发一部', '1', '2018-01-04 15:42:34', '2019-01-18 00:59:37');
INSERT INTO `t_dept` VALUES ('3', '1', '开发二部', '2', '2018-01-04 15:42:29', '2019-01-05 14:09:39');
INSERT INTO `t_dept` VALUES ('4', '0', '市场部', '2', '2018-01-04 15:42:36', '2019-01-23 06:27:56');
INSERT INTO `t_dept` VALUES ('5', '0', '人事部', '3', '2018-01-04 15:42:32', '2019-01-23 06:27:59');
INSERT INTO `t_dept` VALUES ('6', '0', '测试部', '4', '2018-01-04 15:42:38', '2019-01-17 08:15:47');

-- ----------------------------
-- Table structure for t_dict
-- ----------------------------
DROP TABLE IF EXISTS `t_dict`;
CREATE TABLE `t_dict` (
  `DICT_ID` bigint(20) NOT NULL AUTO_INCREMENT COMMENT '字典ID',
  `KEYY` bigint(20) NOT NULL COMMENT '键',
  `VALUEE` varchar(100) NOT NULL COMMENT '值',
  `FIELD_NAME` varchar(100) NOT NULL COMMENT '字段名称',
  `TABLE_NAME` varchar(100) NOT NULL COMMENT '表名',
  PRIMARY KEY (`DICT_ID`) USING BTREE
) ENGINE=InnoDB AUTO_INCREMENT=34 DEFAULT CHARSET=utf8 ROW_FORMAT=DYNAMIC;

-- ----------------------------
-- Records of t_dict
-- ----------------------------
INSERT INTO `t_dict` VALUES ('1', '0', '男', 'ssex', 't_user');
INSERT INTO `t_dict` VALUES ('2', '1', '女', 'ssex', 't_user');
INSERT INTO `t_dict` VALUES ('3', '2', '保密', 'ssex', 't_user');
INSERT INTO `t_dict` VALUES ('4', '1', '有效', 'status', 't_user');
INSERT INTO `t_dict` VALUES ('5', '0', '锁定', 'status', 't_user');
INSERT INTO `t_dict` VALUES ('6', '0', '菜单', 'type', 't_menu');
INSERT INTO `t_dict` VALUES ('7', '1', '按钮', 'type', 't_menu');
INSERT INTO `t_dict` VALUES ('30', '0', '正常', 'status', 't_job');
INSERT INTO `t_dict` VALUES ('31', '1', '暂停', 'status', 't_job');
INSERT INTO `t_dict` VALUES ('32', '0', '成功', 'status', 't_job_log');
INSERT INTO `t_dict` VALUES ('33', '1', '失败', 'status', 't_job_log');

-- ----------------------------
-- Table structure for t_log
-- ----------------------------
DROP TABLE IF EXISTS `t_log`;
CREATE TABLE `t_log` (
  `ID` bigint(20) NOT NULL AUTO_INCREMENT COMMENT '日志ID',
  `USERNAME` varchar(50) DEFAULT NULL COMMENT '操作用户',
  `OPERATION` text COMMENT '操作内容',
  `TIME` decimal(11,0) DEFAULT NULL COMMENT '耗时',
  `METHOD` text COMMENT '操作方法',
  `PARAMS` text COMMENT '方法参数',
  `IP` varchar(64) DEFAULT NULL COMMENT '操作者IP',
  `CREATE_TIME` datetime DEFAULT NULL COMMENT '创建时间',
  `location` varchar(50) DEFAULT NULL COMMENT '操作地点',
  PRIMARY KEY (`ID`) USING BTREE
) ENGINE=InnoDB AUTO_INCREMENT=1839 DEFAULT CHARSET=utf8 ROW_FORMAT=DYNAMIC;

-- ----------------------------
-- Table structure for t_login_log
-- ----------------------------
DROP TABLE IF EXISTS `t_login_log`;
CREATE TABLE `t_login_log` (
  `USERNAME` varchar(100) NOT NULL COMMENT '用户名',
  `LOGIN_TIME` datetime NOT NULL COMMENT '登录时间',
  `LOCATION` varchar(255) DEFAULT NULL COMMENT '登录地点',
  `IP` varchar(100) DEFAULT NULL COMMENT 'IP地址'
) ENGINE=InnoDB DEFAULT CHARSET=utf8 ROW_FORMAT=DYNAMIC;

-- ----------------------------
-- Table structure for t_menu
-- ----------------------------
DROP TABLE IF EXISTS `t_menu`;
CREATE TABLE `t_menu` (
  `MENU_ID` bigint(20) NOT NULL AUTO_INCREMENT COMMENT '菜单/按钮ID',
  `PARENT_ID` bigint(20) NOT NULL COMMENT '上级菜单ID',
  `MENU_NAME` varchar(50) NOT NULL COMMENT '菜单/按钮名称',
  `PATH` varchar(255) DEFAULT NULL COMMENT '对应路由path',
  `COMPONENT` varchar(255) DEFAULT NULL COMMENT '对应路由组件component',
  `PERMS` varchar(50) DEFAULT NULL COMMENT '权限标识',
  `ICON` varchar(50) DEFAULT NULL COMMENT '图标',
  `TYPE` char(2) NOT NULL COMMENT '类型 0菜单 1按钮',
  `ORDER_NUM` double(20,0) DEFAULT NULL COMMENT '排序',
  `CREATE_TIME` datetime NOT NULL COMMENT '创建时间',
  `MODIFY_TIME` datetime DEFAULT NULL COMMENT '修改时间',
  PRIMARY KEY (`MENU_ID`) USING BTREE
) ENGINE=InnoDB AUTO_INCREMENT=152 DEFAULT CHARSET=utf8 ROW_FORMAT=DYNAMIC;

-- ----------------------------
-- Records of t_menu
-- ----------------------------
INSERT INTO `t_menu` VALUES ('1', '0', '系统管理', '/system', 'PageView', null, 'appstore-o', '0', '1', '2017-12-27 16:39:07', '2019-01-05 11:13:14');
INSERT INTO `t_menu` VALUES ('2', '0', '系统监控', '/monitor', 'PageView', null, 'dashboard', '0', '2', '2017-12-27 16:45:51', '2019-01-23 06:27:12');
INSERT INTO `t_menu` VALUES ('3', '1', '用户管理', '/system/user', 'system/user/User', 'user:view', null, '0', '1', '2017-12-27 16:47:13', '2019-01-22 06:45:55');
INSERT INTO `t_menu` VALUES ('4', '1', '角色管理', '/system/role', 'system/role/Role', 'role:view', null, '0', '2', '2017-12-27 16:48:09', '2018-04-25 09:01:12');
INSERT INTO `t_menu` VALUES ('5', '1', '菜单管理', '/system/menu', 'system/menu/Menu', 'menu:view', null, '0', '3', '2017-12-27 16:48:57', '2018-04-25 09:01:30');
INSERT INTO `t_menu` VALUES ('6', '1', '部门管理', '/system/dept', 'system/dept/Dept', 'dept:view', null, '0', '4', '2017-12-27 16:57:33', '2018-04-25 09:01:40');
INSERT INTO `t_menu` VALUES ('8', '2', '在线用户', '/monitor/online', 'monitor/Online', 'user:online', null, '0', '1', '2017-12-27 16:59:33', '2018-04-25 09:02:04');
INSERT INTO `t_menu` VALUES ('10', '2', '系统日志', '/monitor/systemlog', 'monitor/SystemLog', 'log:view', null, '0', '2', '2017-12-27 17:00:50', '2018-04-25 09:02:18');
INSERT INTO `t_menu` VALUES ('11', '3', '新增用户', null, null, 'user:add', null, '1', null, '2017-12-27 17:02:58', null);
INSERT INTO `t_menu` VALUES ('12', '3', '修改用户', null, null, 'user:update', null, '1', null, '2017-12-27 17:04:07', null);
INSERT INTO `t_menu` VALUES ('13', '3', '删除用户', null, null, 'user:delete', null, '1', null, '2017-12-27 17:04:58', null);
INSERT INTO `t_menu` VALUES ('14', '4', '新增角色', null, null, 'role:add', null, '1', null, '2017-12-27 17:06:38', null);
INSERT INTO `t_menu` VALUES ('15', '4', '修改角色', null, null, 'role:update', null, '1', null, '2017-12-27 17:06:38', null);
INSERT INTO `t_menu` VALUES ('16', '4', '删除角色', null, null, 'role:delete', null, '1', null, '2017-12-27 17:06:38', null);
INSERT INTO `t_menu` VALUES ('17', '5', '新增菜单', null, null, 'menu:add', null, '1', null, '2017-12-27 17:08:02', null);
INSERT INTO `t_menu` VALUES ('18', '5', '修改菜单', null, null, 'menu:update', null, '1', null, '2017-12-27 17:08:02', null);
INSERT INTO `t_menu` VALUES ('19', '5', '删除菜单', null, null, 'menu:delete', null, '1', null, '2017-12-27 17:08:02', null);
INSERT INTO `t_menu` VALUES ('20', '6', '新增部门', null, null, 'dept:add', null, '1', null, '2017-12-27 17:09:24', null);
INSERT INTO `t_menu` VALUES ('21', '6', '修改部门', null, null, 'dept:update', null, '1', null, '2017-12-27 17:09:24', null);
INSERT INTO `t_menu` VALUES ('22', '6', '删除部门', null, null, 'dept:delete', null, '1', null, '2017-12-27 17:09:24', null);
INSERT INTO `t_menu` VALUES ('23', '8', '踢出用户', null, null, 'user:kickout', null, '1', null, '2017-12-27 17:11:13', null);
INSERT INTO `t_menu` VALUES ('24', '10', '删除日志', null, null, 'log:delete', null, '1', null, '2017-12-27 17:11:45', null);
INSERT INTO `t_menu` VALUES ('64', '1', '字典管理', '/system/dict', 'system/dict/Dict', 'dict:view', '', '0', '5', '2018-01-18 10:38:25', '2018-04-25 09:01:50');
INSERT INTO `t_menu` VALUES ('65', '64', '新增字典', null, null, 'dict:add', null, '1', null, '2018-01-18 19:10:08', null);
INSERT INTO `t_menu` VALUES ('66', '64', '修改字典', null, null, 'dict:update', null, '1', null, '2018-01-18 19:10:27', null);
INSERT INTO `t_menu` VALUES ('67', '64', '删除字典', null, null, 'dict:delete', null, '1', null, '2018-01-18 19:10:47', null);
INSERT INTO `t_menu` VALUES ('113', '2', 'Redis监控', '/monitor/redis/info', 'monitor/RedisInfo', 'redis:view', '', '0', '3', '2018-06-28 14:29:42', null);
INSERT INTO `t_menu` VALUES ('121', '2', '请求追踪', '/monitor/httptrace', 'monitor/Httptrace', null, null, '0', '4', '2019-01-18 02:30:29', null);
INSERT INTO `t_menu` VALUES ('122', '2', '系统信息', '/monitor/system', 'EmptyPageView', null, null, '0', '5', '2019-01-18 02:31:48', '2019-01-18 02:39:46');
INSERT INTO `t_menu` VALUES ('123', '122', 'Tomcat信息', '/monitor/system/tomcatinfo', 'monitor/TomcatInfo', null, null, '0', '2', '2019-01-18 02:32:53', '2019-01-18 02:46:57');
INSERT INTO `t_menu` VALUES ('124', '122', 'JVM信息', '/monitor/system/jvminfo', 'monitor/JvmInfo', null, null, '0', '1', '2019-01-18 02:33:30', '2019-01-18 02:46:51');
INSERT INTO `t_menu` VALUES ('127', '122', '服务器信息', '/monitor/system/info', 'monitor/SystemInfo', null, null, '0', '3', '2019-01-21 07:53:43', '2019-01-21 07:57:00');
INSERT INTO `t_menu` VALUES ('130', '3', '导出Excel', null, null, 'user:export', null, '1', null, '2019-01-23 06:35:16', null);
INSERT INTO `t_menu` VALUES ('131', '4', '导出Excel', null, null, 'role:export', null, '1', null, '2019-01-23 06:35:36', null);
INSERT INTO `t_menu` VALUES ('132', '5', '导出Excel', null, null, 'menu:export', null, '1', null, '2019-01-23 06:36:05', null);
INSERT INTO `t_menu` VALUES ('133', '6', '导出Excel', null, null, 'dept:export', null, '1', null, '2019-01-23 06:36:25', null);
INSERT INTO `t_menu` VALUES ('134', '64', '导出Excel', null, null, 'dict:export', null, '1', null, '2019-01-23 06:36:43', null);
INSERT INTO `t_menu` VALUES ('135', '3', '密码重置', null, null, 'user:reset', null, '1', null, '2019-01-23 06:37:00', null);
INSERT INTO `t_menu` VALUES ('136', '10', '导出Excel', null, null, 'log:export', null, '1', null, '2019-01-23 06:37:27', null);
INSERT INTO `t_menu` VALUES ('137', '102', '导出Excel', null, null, 'job:export', null, '1', null, '2019-01-23 06:37:59', null);
INSERT INTO `t_menu` VALUES ('138', '109', '导出Excel', null, null, 'jobLog:export', null, '1', null, '2019-01-23 06:38:32', null);
INSERT INTO `t_menu` VALUES ('140', '0', '项目管理', '/project', 'project/Project', 'project:view', 'coffee', '0', '3', '2019-02-18 12:03:04', '2019-02-19 02:28:07');
INSERT INTO `t_menu` VALUES ('141', '140', '新增项目', null, null, 'project:add', null, '1', '1', '2019-02-18 12:03:59', null);
INSERT INTO `t_menu` VALUES ('142', '140', '删除项目', null, null, 'project:delete', null, '1', '2', '2019-02-18 12:03:59', null);
INSERT INTO `t_menu` VALUES ('143', '140', '修改项目', null, null, 'project:update', null, '1', '3', '2019-02-18 12:03:59', null);
INSERT INTO `t_menu` VALUES ('144', '140', '项目查重', null, null, 'project:exists', null, '1', '4', '2019-02-18 12:03:59', null);
INSERT INTO `t_menu` VALUES ('145', '140', '成员列表', null, null, 'project:memberView', null, '1', '5', '2019-02-18 12:03:59', null);
INSERT INTO `t_menu` VALUES ('146', '140', '成员增加', null, null, 'project:memberAdd', null, '1', '6', '2019-02-18 12:03:59', null);
INSERT INTO `t_menu` VALUES ('147', '140', '成员删除', null, null, 'project:memberDelete', null, '1', '7', '2019-02-18 12:03:59', null);
INSERT INTO `t_menu` VALUES ('148', '140', '项目转让', null, null, 'project:ownerTransfer', null, '1', '8', '2019-02-18 12:03:59', null);

-- ----------------------------
-- Table structure for t_role
-- ----------------------------
DROP TABLE IF EXISTS `t_role`;
CREATE TABLE `t_role` (
  `ROLE_ID` bigint(20) NOT NULL AUTO_INCREMENT COMMENT '角色ID',
  `ROLE_NAME` varchar(10) NOT NULL COMMENT '角色名称',
  `REMARK` varchar(100) DEFAULT NULL COMMENT '角色描述',
  `CREATE_TIME` datetime NOT NULL COMMENT '创建时间',
  `MODIFY_TIME` datetime DEFAULT NULL COMMENT '修改时间',
  PRIMARY KEY (`ROLE_ID`) USING BTREE
) ENGINE=InnoDB AUTO_INCREMENT=74 DEFAULT CHARSET=utf8 ROW_FORMAT=DYNAMIC;

-- ----------------------------
-- Records of t_role
-- ----------------------------
INSERT INTO `t_role` VALUES ('1', '管理员', '管理员', '2017-12-27 16:23:11', '2019-01-23 06:45:29');
INSERT INTO `t_role` VALUES ('2', '注册用户', '可查看，新增，导出', '2019-01-04 14:11:28', '2019-01-23 07:37:08');
INSERT INTO `t_role` VALUES ('72', '普通用户', '只可查看，好可怜哦', '2019-01-23 07:33:20', null);

-- ----------------------------
-- Table structure for t_role_menu
-- ----------------------------
DROP TABLE IF EXISTS `t_role_menu`;
CREATE TABLE `t_role_menu` (
  `ROLE_ID` bigint(20) NOT NULL,
  `MENU_ID` bigint(20) NOT NULL
) ENGINE=InnoDB DEFAULT CHARSET=utf8 ROW_FORMAT=DYNAMIC;

-- ----------------------------
-- Records of t_role_menu
-- ----------------------------
INSERT INTO `t_role_menu` VALUES ('1', '1');
INSERT INTO `t_role_menu` VALUES ('1', '3');
INSERT INTO `t_role_menu` VALUES ('1', '11');
INSERT INTO `t_role_menu` VALUES ('1', '12');
INSERT INTO `t_role_menu` VALUES ('1', '13');
INSERT INTO `t_role_menu` VALUES ('1', '4');
INSERT INTO `t_role_menu` VALUES ('1', '14');
INSERT INTO `t_role_menu` VALUES ('1', '15');
INSERT INTO `t_role_menu` VALUES ('1', '16');
INSERT INTO `t_role_menu` VALUES ('1', '5');
INSERT INTO `t_role_menu` VALUES ('1', '17');
INSERT INTO `t_role_menu` VALUES ('1', '18');
INSERT INTO `t_role_menu` VALUES ('1', '19');
INSERT INTO `t_role_menu` VALUES ('1', '6');
INSERT INTO `t_role_menu` VALUES ('1', '20');
INSERT INTO `t_role_menu` VALUES ('1', '21');
INSERT INTO `t_role_menu` VALUES ('1', '22');
INSERT INTO `t_role_menu` VALUES ('1', '64');
INSERT INTO `t_role_menu` VALUES ('1', '65');
INSERT INTO `t_role_menu` VALUES ('1', '66');
INSERT INTO `t_role_menu` VALUES ('1', '67');
INSERT INTO `t_role_menu` VALUES ('1', '2');
INSERT INTO `t_role_menu` VALUES ('1', '8');
INSERT INTO `t_role_menu` VALUES ('1', '23');
INSERT INTO `t_role_menu` VALUES ('1', '10');
INSERT INTO `t_role_menu` VALUES ('1', '24');
INSERT INTO `t_role_menu` VALUES ('1', '113');
INSERT INTO `t_role_menu` VALUES ('1', '121');
INSERT INTO `t_role_menu` VALUES ('1', '122');
INSERT INTO `t_role_menu` VALUES ('1', '124');
INSERT INTO `t_role_menu` VALUES ('1', '123');
INSERT INTO `t_role_menu` VALUES ('1', '127');
INSERT INTO `t_role_menu` VALUES ('1', '130');
INSERT INTO `t_role_menu` VALUES ('1', '135');
INSERT INTO `t_role_menu` VALUES ('1', '131');
INSERT INTO `t_role_menu` VALUES ('1', '132');
INSERT INTO `t_role_menu` VALUES ('1', '133');
INSERT INTO `t_role_menu` VALUES ('1', '134');
INSERT INTO `t_role_menu` VALUES ('1', '136');
INSERT INTO `t_role_menu` VALUES ('1', '137');
INSERT INTO `t_role_menu` VALUES ('1', '138');
INSERT INTO `t_role_menu` VALUES ('72', '1');
INSERT INTO `t_role_menu` VALUES ('72', '3');
INSERT INTO `t_role_menu` VALUES ('72', '4');
INSERT INTO `t_role_menu` VALUES ('72', '5');
INSERT INTO `t_role_menu` VALUES ('72', '6');
INSERT INTO `t_role_menu` VALUES ('72', '64');
INSERT INTO `t_role_menu` VALUES ('72', '2');
INSERT INTO `t_role_menu` VALUES ('72', '8');
INSERT INTO `t_role_menu` VALUES ('72', '10');
INSERT INTO `t_role_menu` VALUES ('72', '113');
INSERT INTO `t_role_menu` VALUES ('72', '121');
INSERT INTO `t_role_menu` VALUES ('72', '122');
INSERT INTO `t_role_menu` VALUES ('72', '124');
INSERT INTO `t_role_menu` VALUES ('72', '123');
INSERT INTO `t_role_menu` VALUES ('72', '127');
INSERT INTO `t_role_menu` VALUES ('2', '3');
INSERT INTO `t_role_menu` VALUES ('2', '1');
INSERT INTO `t_role_menu` VALUES ('2', '4');
INSERT INTO `t_role_menu` VALUES ('2', '5');
INSERT INTO `t_role_menu` VALUES ('2', '6');
INSERT INTO `t_role_menu` VALUES ('2', '64');
INSERT INTO `t_role_menu` VALUES ('2', '2');
INSERT INTO `t_role_menu` VALUES ('2', '8');
INSERT INTO `t_role_menu` VALUES ('2', '10');
INSERT INTO `t_role_menu` VALUES ('2', '113');
INSERT INTO `t_role_menu` VALUES ('2', '121');
INSERT INTO `t_role_menu` VALUES ('2', '122');
INSERT INTO `t_role_menu` VALUES ('2', '124');
INSERT INTO `t_role_menu` VALUES ('2', '123');
INSERT INTO `t_role_menu` VALUES ('2', '127');
INSERT INTO `t_role_menu` VALUES ('2', '130');
INSERT INTO `t_role_menu` VALUES ('2', '14');
INSERT INTO `t_role_menu` VALUES ('2', '17');
INSERT INTO `t_role_menu` VALUES ('2', '132');
INSERT INTO `t_role_menu` VALUES ('2', '20');
INSERT INTO `t_role_menu` VALUES ('2', '133');
INSERT INTO `t_role_menu` VALUES ('2', '65');
INSERT INTO `t_role_menu` VALUES ('2', '134');
INSERT INTO `t_role_menu` VALUES ('2', '136');
INSERT INTO `t_role_menu` VALUES ('2', '137');
INSERT INTO `t_role_menu` VALUES ('2', '138');
INSERT INTO `t_role_menu` VALUES ('2', '131');
INSERT INTO `t_role_menu` VALUES ('74', '140');
INSERT INTO `t_role_menu` VALUES ('74', '141');
INSERT INTO `t_role_menu` VALUES ('74', '142');
INSERT INTO `t_role_menu` VALUES ('74', '143');
INSERT INTO `t_role_menu` VALUES ('74', '144');
INSERT INTO `t_role_menu` VALUES ('74', '145');
INSERT INTO `t_role_menu` VALUES ('74', '146');
INSERT INTO `t_role_menu` VALUES ('74', '147');
INSERT INTO `t_role_menu` VALUES ('74', '148');

-- ----------------------------
-- Table structure for t_user
-- ----------------------------
DROP TABLE IF EXISTS `t_user`;
CREATE TABLE `t_user` (
  `USER_ID` bigint(10) NOT NULL AUTO_INCREMENT COMMENT '用户ID',
  `USERNAME` varchar(50) NOT NULL COMMENT '用户名',
  `REALNAME` varchar(100) NOT NULL,
  `PASSWORD` varchar(128) NOT NULL COMMENT '密码',
  `DEPT_ID` bigint(20) DEFAULT NULL COMMENT '部门ID',
  `SSEX` char(1) DEFAULT NULL COMMENT '性别 0男 1女 2保密',
  `EMAIL` varchar(128) DEFAULT NULL COMMENT '邮箱',
  `MOBILE` varchar(20) DEFAULT NULL COMMENT '联系电话',
  `AVATAR` varchar(100) DEFAULT NULL COMMENT '用户头像',
  `DESCRIPTION` varchar(100) DEFAULT NULL COMMENT '描述',
  `STATUS` char(1) NOT NULL COMMENT '状态 0锁定 1有效',
  `CREATE_TIME` datetime NOT NULL COMMENT '创建时间',
  `MODIFY_TIME` datetime DEFAULT NULL COMMENT '修改时间',
  `LAST_LOGIN_TIME` datetime DEFAULT NULL COMMENT '最近访问时间',
  PRIMARY KEY (`USER_ID`) USING BTREE
) ENGINE=InnoDB AUTO_INCREMENT=23 DEFAULT CHARSET=utf8 ROW_FORMAT=DYNAMIC;

-- ----------------------------
-- Records of t_user
-- ----------------------------
INSERT INTO `t_user` VALUES ('2', 'scott', '', '7b44a5363e3fd52435beb472e1d2b91f', '6', '0', 'scott@qq.com', '15134627380', 'jZUIxmJycoymBprLOUbT.png', '我是scott，嗯嗯', '1', '2017-12-29 16:16:39', '2019-02-19 02:55:52', '2019-02-20 21:48:51');
INSERT INTO `t_user` VALUES ('12', 'jack', '', '552649f10640385d0728a80a4242893e', '6', '0', 'jack@hotmail.com', null, 'default.jpg', null, '1', '2019-01-23 07:34:05', '2019-01-24 03:08:01', '2019-01-24 08:52:03');
INSERT INTO `t_user` VALUES ('13', 'testt', '', '3325ed1ebe48f1985202cc051feb50e2', '1', '2', null, null, 'default.jpg', null, '1', '2019-02-15 03:42:03', '2019-02-19 02:26:42', '2019-02-19 23:40:24');
INSERT INTO `t_user` VALUES ('14', 'admin', '', '78973a3f2538778fe88bca1644e467d6', null, '0', '', null, 'default.jpg', null, '1', '2019-02-19 02:22:51', null, null);
INSERT INTO `t_user` VALUES ('15', 'mrbird', '', '93cf3eb4d9df1431eed514a51d6c215b', '4', '0', 'qwer@123.com', '15858194070', 'default.jpg', null, '1', '2019-02-19 02:25:31', null, null);
INSERT INTO `t_user` VALUES ('16', 'xiaom', '肖敏', 'ba5cd272db6a98389e4032cec5c49769', '1', '0', null, null, 'default.jpg', null, '1', '2019-02-19 02:43:57', '2019-02-19 02:45:13', '2019-02-20 05:31:57');
INSERT INTO `t_user` VALUES ('17', 'huangyu', '', 'e87ff893b7d1780a9ffa8a119c93c41f', '1', '0', '1@qq.com', null, 'default.jpg', null, '1', '2019-02-19 20:45:41', '2019-02-19 20:47:41', null);
-- ----------------------------
-- Table structure for t_user_config
-- ----------------------------
DROP TABLE IF EXISTS `t_user_config`;
CREATE TABLE `t_user_config` (
  `USER_ID` bigint(20) NOT NULL COMMENT '用户ID',
  `THEME` varchar(10) DEFAULT NULL COMMENT '系统主题 dark暗色风格，light明亮风格',
  `LAYOUT` varchar(10) DEFAULT NULL COMMENT '系统布局 side侧边栏，head顶部栏',
  `MULTI_PAGE` char(1) DEFAULT NULL COMMENT '页面风格 1多标签页 0单页',
  `FIX_SIDERBAR` char(1) DEFAULT NULL COMMENT '页面滚动是否固定侧边栏 1固定 0不固定',
  `FIX_HEADER` char(1) DEFAULT NULL COMMENT '页面滚动是否固定顶栏 1固定 0不固定',
  `COLOR` varchar(20) DEFAULT NULL COMMENT '主题颜色 RGB值',
  PRIMARY KEY (`USER_ID`) USING BTREE
) ENGINE=InnoDB DEFAULT CHARSET=utf8 ROW_FORMAT=DYNAMIC;

-- ----------------------------
-- Records of t_user_config
-- ----------------------------
INSERT INTO `t_user_config` VALUES ('1', 'light', 'side', '1', '1', '1', 'rgb(24, 144, 255)');
INSERT INTO `t_user_config` VALUES ('2', 'light', 'head', '0', '1', '1', 'rgb(24, 144, 255)');
INSERT INTO `t_user_config` VALUES ('12', 'dark', 'side', '1', '1', '1', 'rgb(66, 185, 131)');

-- ----------------------------
-- Table structure for t_user_role
-- ----------------------------
DROP TABLE IF EXISTS `t_user_role`;
CREATE TABLE `t_user_role` (
  `USER_ID` bigint(20) NOT NULL COMMENT '用户ID',
  `ROLE_ID` bigint(20) NOT NULL COMMENT '角色ID'
) ENGINE=InnoDB DEFAULT CHARSET=utf8 ROW_FORMAT=DYNAMIC;

-- ----------------------------
-- Records of t_user_role
-- ----------------------------
INSERT INTO `t_user_role` VALUES ('1', '1');
INSERT INTO `t_user_role` VALUES ('2', '2');
INSERT INTO `t_user_role` VALUES ('12', '72');

-- ----------------------------
-- Function structure for findDeptChildren
-- ----------------------------
DROP FUNCTION IF EXISTS `findDeptChildren`;
DELIMITER ;;
CREATE DEFINER=`root`@`localhost` FUNCTION `findDeptChildren`(rootId INT) RETURNS varchar(4000) CHARSET utf8
BEGIN
  DECLARE sTemp VARCHAR(4000);
    DECLARE sTempChd VARCHAR(4000);
    SET sTemp = '$';
    SET sTempChd = CAST(rootId as CHAR);
    WHILE sTempChd is not null DO
    SET sTemp = CONCAT(sTemp,',',sTempChd);
    SELECT GROUP_CONCAT(dept_id) INTO sTempChd FROM t_dept
    WHERE FIND_IN_SET(parent_id,sTempChd)>0;
END WHILE;
RETURN sTemp;
END
;;
DELIMITER ;

-- ----------------------------
-- Function structure for findMenuChildren
-- ----------------------------
DROP FUNCTION IF EXISTS `findMenuChildren`;
DELIMITER ;;
CREATE DEFINER=`root`@`localhost` FUNCTION `findMenuChildren`(rootId INT) RETURNS varchar(4000) CHARSET utf8
BEGIN
  DECLARE sTemp VARCHAR(4000);
    DECLARE sTempChd VARCHAR(4000);
    SET sTemp = '$';
    SET sTempChd = CAST(rootId as CHAR);
    WHILE sTempChd is not null DO
    SET sTemp = CONCAT(sTemp,',',sTempChd);
    SELECT GROUP_CONCAT(menu_id) INTO sTempChd FROM t_menu
    WHERE FIND_IN_SET(parent_id,sTempChd)>0;
END WHILE;
RETURN sTemp;
END
;;
DELIMITER ;

set global sql_mode='STRICT_TRANS_TABLES,NO_ZERO_IN_DATE,NO_ZERO_DATE,ERROR_FOR_DIVISION_BY_ZERO,NO_AUTO_CREATE_USER,NO_ENGINE_SUBSTITUTION';
set session sql_mode='STRICT_TRANS_TABLES,NO_ZERO_IN_DATE,NO_ZERO_DATE,ERROR_FOR_DIVISION_BY_ZERO,NO_AUTO_CREATE_USER,NO_ENGINE_SUBSTITUTION';
